-- MySQL dump 10.13  Distrib 8.0.40, for Linux (x86_64)
--
-- Host: localhost    Database: my_database
-- ------------------------------------------------------
-- Server version	8.0.40

/*!40101 SET @OLD_CHARACTER_SET_CLIENT=@@CHARACTER_SET_CLIENT */;
/*!40101 SET @OLD_CHARACTER_SET_RESULTS=@@CHARACTER_SET_RESULTS */;
/*!40101 SET @OLD_COLLATION_CONNECTION=@@COLLATION_CONNECTION */;
/*!50503 SET NAMES utf8mb4 */;
/*!40103 SET @OLD_TIME_ZONE=@@TIME_ZONE */;
/*!40103 SET TIME_ZONE='+00:00' */;
/*!40014 SET @OLD_UNIQUE_CHECKS=@@UNIQUE_CHECKS, UNIQUE_CHECKS=0 */;
/*!40014 SET @OLD_FOREIGN_KEY_CHECKS=@@FOREIGN_KEY_CHECKS, FOREIGN_KEY_CHECKS=0 */;
/*!40101 SET @OLD_SQL_MODE=@@SQL_MODE, SQL_MODE='NO_AUTO_VALUE_ON_ZERO' */;
/*!40111 SET @OLD_SQL_NOTES=@@SQL_NOTES, SQL_NOTES=0 */;

--
-- Table structure for table `_prisma_migrations`
--

DROP TABLE IF EXISTS `_prisma_migrations`;
/*!40101 SET @saved_cs_client     = @@character_set_client */;
/*!50503 SET character_set_client = utf8mb4 */;
CREATE TABLE `_prisma_migrations` (
  `id` varchar(36) COLLATE utf8mb4_unicode_ci NOT NULL,
  `checksum` varchar(64) COLLATE utf8mb4_unicode_ci NOT NULL,
  `finished_at` datetime(3) DEFAULT NULL,
  `migration_name` varchar(255) COLLATE utf8mb4_unicode_ci NOT NULL,
  `logs` text COLLATE utf8mb4_unicode_ci,
  `rolled_back_at` datetime(3) DEFAULT NULL,
  `started_at` datetime(3) NOT NULL DEFAULT CURRENT_TIMESTAMP(3),
  `applied_steps_count` int unsigned NOT NULL DEFAULT '0',
  PRIMARY KEY (`id`)
) ENGINE=InnoDB DEFAULT CHARSET=utf8mb4 COLLATE=utf8mb4_unicode_ci;
/*!40101 SET character_set_client = @saved_cs_client */;

--
-- Dumping data for table `_prisma_migrations`
--

LOCK TABLES `_prisma_migrations` WRITE;
/*!40000 ALTER TABLE `_prisma_migrations` DISABLE KEYS */;
INSERT INTO `_prisma_migrations` VALUES ('0e1694a5-f3f9-48fb-8aaa-af5c000bff77','dc7441b61f22985236b1819e3289a5cbe2754ec5670d78a59d2f20776258e1bc','2025-02-25 05:59:50.094','20250225055950_add_product',NULL,NULL,'2025-02-25 05:59:50.042',1),('4006c345-b25e-4561-a02c-c2a7e1c747fa','13a5ddba2a46e765d80d1ee39fac8f1c8a7da85a5f3a59f873ae85a997cb3ff0','2025-02-26 09:06:18.223','20250226090617_edit_model',NULL,NULL,'2025-02-26 09:06:17.617',1),('48fdb6bc-e9d7-4bb7-9de2-31bead0b09c9','5c1b1ce78f75f81b6877a46bcacce6d8b1201c5eac9d0ce25234dcbbbeae13c4','2025-02-25 05:53:58.513','20250126152525_drop_product',NULL,NULL,'2025-02-25 05:53:58.435',1),('a1a8980e-bab3-4b6f-a08c-e7827c4085ec','2af66366cb7e4d0fffc9ef68794f8646fec2e2757ceac744cb3684f8d48efe6f','2025-02-25 05:53:58.375','20250116105736_',NULL,NULL,'2025-02-25 05:53:58.329',1),('a47af18a-71e5-4d09-b305-5ea83555175b','70262f962517b5797a8154d6685cb53a0c0c2037b053d291e385b899597fadbe','2025-02-25 05:53:58.322','20250116105309_',NULL,NULL,'2025-02-25 05:53:58.271',1),('a6346541-246b-4f49-a77c-8deb3339ebdc','1a76df234402cff660c791a8048a94c53839dcd22ecc792fd4319309e6a339ea','2025-02-25 05:53:58.426','20250117185001_',NULL,NULL,'2025-02-25 05:53:58.381',1),('ba563c62-9dac-440a-8da3-37c3092799c2','5894490d33986828d2d25955b0635aa9fbbe357681c74b5f5e6d7971116f44cd','2025-02-25 05:53:58.559','20250209132941_add_role',NULL,NULL,'2025-02-25 05:53:58.520',1),('d30ad503-7e6f-40b3-a741-488bcc86383e','519011482eabc898e4c9ccc9608da9829f5407160163f5e8197dd2070a02b1b1','2025-02-25 05:54:08.042','20250225055407_delete_old_table',NULL,NULL,'2025-02-25 05:54:08.011',1);
/*!40000 ALTER TABLE `_prisma_migrations` ENABLE KEYS */;
UNLOCK TABLES;

--
-- Table structure for table `category`
--

DROP TABLE IF EXISTS `category`;
/*!40101 SET @saved_cs_client     = @@character_set_client */;
/*!50503 SET character_set_client = utf8mb4 */;
CREATE TABLE `category` (
  `id` int NOT NULL AUTO_INCREMENT,
  `category_name` varchar(191) COLLATE utf8mb4_unicode_ci NOT NULL,
  `createdAt` datetime(3) NOT NULL DEFAULT CURRENT_TIMESTAMP(3),
  `updatedAt` datetime(3) NOT NULL,
  PRIMARY KEY (`id`)
) ENGINE=InnoDB DEFAULT CHARSET=utf8mb4 COLLATE=utf8mb4_unicode_ci;
/*!40101 SET character_set_client = @saved_cs_client */;

--
-- Dumping data for table `category`
--

LOCK TABLES `category` WRITE;
/*!40000 ALTER TABLE `category` DISABLE KEYS */;
/*!40000 ALTER TABLE `category` ENABLE KEYS */;
UNLOCK TABLES;

--
-- Table structure for table `equipment`
--

DROP TABLE IF EXISTS `equipment`;
/*!40101 SET @saved_cs_client     = @@character_set_client */;
/*!50503 SET character_set_client = utf8mb4 */;
CREATE TABLE `equipment` (
  `id` int NOT NULL AUTO_INCREMENT,
  `equipment_id` varchar(191) COLLATE utf8mb4_unicode_ci NOT NULL,
  `name` varchar(191) COLLATE utf8mb4_unicode_ci NOT NULL,
  `qty` int NOT NULL,
  `purchase_year_Id` int DEFAULT NULL,
  `model` varchar(191) COLLATE utf8mb4_unicode_ci DEFAULT NULL,
  `status` varchar(191) COLLATE utf8mb4_unicode_ci NOT NULL,
  `room` varchar(191) COLLATE utf8mb4_unicode_ci NOT NULL,
  `categoryId` int DEFAULT NULL,
  `createdAt` datetime(3) NOT NULL DEFAULT CURRENT_TIMESTAMP(3),
  `updatedAt` timestamp NULL DEFAULT CURRENT_TIMESTAMP ON UPDATE CURRENT_TIMESTAMP,
  PRIMARY KEY (`id`),
  UNIQUE KEY `equipment_equipment_id_key` (`equipment_id`),
  KEY `equipment_purchase_year_Id_fkey` (`purchase_year_Id`),
  KEY `equipment_categoryId_fkey` (`categoryId`),
  CONSTRAINT `equipment_categoryId_fkey` FOREIGN KEY (`categoryId`) REFERENCES `category` (`id`) ON DELETE SET NULL ON UPDATE CASCADE,
  CONSTRAINT `equipment_purchase_year_Id_fkey` FOREIGN KEY (`purchase_year_Id`) REFERENCES `years` (`id`) ON DELETE SET NULL ON UPDATE CASCADE
) ENGINE=InnoDB AUTO_INCREMENT=304 DEFAULT CHARSET=utf8mb4 COLLATE=utf8mb4_unicode_ci;
/*!40101 SET character_set_client = @saved_cs_client */;

--
-- Dumping data for table `equipment`
--

LOCK TABLES `equipment` WRITE;
/*!40000 ALTER TABLE `equipment` DISABLE KEYS */;
INSERT INTO `equipment` VALUES (1,'50ชพ.01015899000000-01(1)','จอคอมพิวเตอร์',1,1,'HP','ปกติ','B316',NULL,'2025-02-26 09:32:28.689','2025-02-26 09:32:28'),(2,'50ชพ.01015899000000-05(5)','จอคอมพิวเตอร์',1,1,'HP','ปกติ','B316',NULL,'2025-02-26 09:32:28.689','2025-02-26 09:32:28'),(3,'50ชพ.01015899000000-06(6)','จอคอมพิวเตอร์',1,1,'HP','ปกติ','B316',NULL,'2025-02-26 09:32:28.689','2025-02-26 09:32:28'),(4,'50ชพ.01015899000000-10(10)','จอคอมพิวเตอร์',1,1,'HP','ปกติ','B316',NULL,'2025-02-26 09:32:28.689','2025-02-26 09:32:28'),(5,'50สอ.01042024000000-41(3)','คีย์บอร์ด',1,1,'DELL SK-8115','ปกติ','B316',NULL,'2025-02-26 09:32:28.689','2025-02-26 09:32:28'),(6,'50สอ.01042024000000-47(3)','คีย์บอร์ด',1,1,'Dell SK-8115','ปกติ','B317',NULL,'2025-02-26 09:32:28.689','2025-02-26 09:32:28'),(7,'50สอ.01042024000000-49(3)','คีย์บอร์ด',1,1,'Dell SK-8115','ปกติ','B317',NULL,'2025-02-26 09:32:28.689','2025-02-26 09:32:28'),(8,'50สอ.01042024000000-55(3)','คีย์บอร์ด',1,1,'Dell SK-8115','ปกติ','B317',NULL,'2025-02-26 09:32:28.689','2025-02-26 09:32:28'),(9,'50สอ.01042024000000-57(3)','คีย์บอร์ด',1,1,'Dell SK-8115','ปกติ','B317',NULL,'2025-02-26 09:32:28.689','2025-02-26 09:32:28'),(10,'50สอ.01042024000000-68(3)','คีย์บอร์ด',1,1,'Dell SK-8115','ปกติ','B317',NULL,'2025-02-26 09:32:28.689','2025-02-26 09:32:28'),(11,'50สอ.01042024000000-75(3)','คีย์บอร์ด',1,1,'Dell SK-8115','ปกติ','B317',NULL,'2025-02-26 09:32:28.689','2025-02-26 09:32:28'),(12,'54ชพ.01042024000000-01(1)','จอคอมพิวเตอร์',1,5,'DELL','ปกติ','B316',NULL,'2025-02-26 09:32:28.689','2025-02-26 09:32:28'),(13,'54ชพ.01042024000000-01(2)','เคส PC',1,5,'DELL','ปกติ','B317',NULL,'2025-02-26 09:32:28.689','2025-02-26 09:32:28'),(14,'54ชพ.01042024000000-02(1)','จอคอมพิวเตอร์',1,5,'DELL','ปกติ','B316',NULL,'2025-02-26 09:32:28.689','2025-02-26 09:32:28'),(15,'54ชพ.01042024000000-02(2)','เคส PC',1,5,'DELL','ปกติ','B316',NULL,'2025-02-26 09:32:28.689','2025-02-26 09:32:28'),(16,'54ชพ.01042024000000-02(3)','คีย์บอร์ด',1,5,'DELL','ปกติ','B317',NULL,'2025-02-26 09:32:28.689','2025-02-26 09:32:28'),(17,'54ชพ.01042024000000-03(2)','เคส PC',1,5,'DELL','ปกติ','B317',NULL,'2025-02-26 09:32:28.689','2025-02-26 09:32:28'),(18,'54ชพ.01042024000000-03(3)','คีย์บอร์ด',1,5,'DELL','ปกติ','B316',NULL,'2025-02-26 09:32:28.689','2025-02-26 09:32:28'),(19,'54ชพ.01042024000000-04(2)','เคส PC',1,5,'DELL','ปกติ','B317',NULL,'2025-02-26 09:32:28.689','2025-02-26 09:32:28'),(20,'54ชพ.01042024000000-04(5)','เมาส์',1,5,'Dell MS111-L','ปกติ','B317',NULL,'2025-02-26 09:32:28.689','2025-02-26 09:32:28'),(21,'54ชพ.01042024000000-05(1)','จอคอมพิวเตอร์',1,5,'DELL','ปกติ','B317',NULL,'2025-02-26 09:32:28.689','2025-02-26 09:32:28'),(22,'54ชพ.01042024000000-06(1)','จอคอมพิวเตอร์',1,5,'DELL','ปกติ','B317',NULL,'2025-02-26 09:32:28.689','2025-02-26 09:32:28'),(23,'54ชพ.01042024000000-06(2)','เคส PC',1,5,'DELL','ปกติ','B317',NULL,'2025-02-26 09:32:28.689','2025-02-26 09:32:28'),(24,'54ชพ.01042024000000-06(3)','คีย์บอร์ด',1,5,'DELL','ปกติ','B317',NULL,'2025-02-26 09:32:28.689','2025-02-26 09:32:28'),(25,'54ชพ.01042024000000-06(5)','เมาส์',1,5,'Dell MS111-L','ปกติ','B317',NULL,'2025-02-26 09:32:28.689','2025-02-26 09:32:28'),(26,'54ชพ.01042024000000-07(2)','เคส PC',1,5,'DELL','ปกติ','B317',NULL,'2025-02-26 09:32:28.689','2025-02-26 09:32:28'),(27,'54ชพ.01042024000000-08(1)','จอคอมพิวเตอร์',1,5,'DELL','ปกติ','B317',NULL,'2025-02-26 09:32:28.689','2025-02-26 09:32:28'),(28,'54ชพ.01042024000000-08(2)','เคส PC',1,5,'DELL','ปกติ','B317',NULL,'2025-02-26 09:32:28.689','2025-02-26 09:32:28'),(29,'54ชพ.01042024000000-08(5)','เมาส์',1,5,'Dell MS111-L','ปกติ','B317',NULL,'2025-02-26 09:32:28.689','2025-02-26 09:32:28'),(30,'54ชพ.01042024000000-09(3)','คีย์บอร์ด',1,5,'DELL','ปกติ','B317',NULL,'2025-02-26 09:32:28.689','2025-02-26 09:32:28'),(31,'54ชพ.01042024000000-10(5)','เมาส์',1,5,'Dell MS111-L','ปกติ','B317',NULL,'2025-02-26 09:32:28.689','2025-02-26 09:32:28'),(32,'54ชพ.01042024000000-11(1)','จอคอมพิวเตอร์',1,5,'DELL','ปกติ','B317',NULL,'2025-02-26 09:32:28.689','2025-02-26 09:32:28'),(33,'54ชพ.01042024000000-11(2)','เคส PC',1,5,'DELL','ปกติ','B317',NULL,'2025-02-26 09:32:28.689','2025-02-26 09:32:28'),(34,'54ชพ.01042024000000-11(3)','คีย์บอร์ด',1,5,'DELL','ปกติ','B317',NULL,'2025-02-26 09:32:28.689','2025-02-26 09:32:28'),(35,'54ชพ.01042024000000-11(5)','เมาส์',1,5,'DELL','ปกติ','B316',NULL,'2025-02-26 09:32:28.689','2025-02-26 09:32:28'),(36,'54ชพ.01042024000000-12(3)','คีย์บอร์ด',1,5,'DELL','ปกติ','B316',NULL,'2025-02-26 09:32:28.689','2025-02-26 09:32:28'),(37,'54ชพ.01042024000000-13(2)','เคส PC',1,5,'DELL','ปกติ','B317',NULL,'2025-02-26 09:32:28.689','2025-02-26 09:32:28'),(38,'54ชพ.01042024000000-13(5)','เมาส์',1,5,'Dell MS111-L','ปกติ','B317',NULL,'2025-02-26 09:32:28.689','2025-02-26 09:32:28'),(39,'54ชพ.01042024000000-14(1)','จอคอมพิวเตอร์',1,5,'DELL','ปกติ','B316',NULL,'2025-02-26 09:32:28.689','2025-02-26 09:32:28'),(40,'54ชพ.01042024000000-14(2)','เคส PC',1,5,'DELL','ปกติ','B317',NULL,'2025-02-26 09:32:28.689','2025-02-26 09:32:28'),(41,'54ชพ.01042024000000-14(3)','คีย์บอร์ด',1,5,'DELL','ปกติ','B317',NULL,'2025-02-26 09:32:28.689','2025-02-26 09:32:28'),(42,'54ชพ.01042024000000-15(2)','เคส PC',1,5,'DELL','ปกติ','B317',NULL,'2025-02-26 09:32:28.689','2025-02-26 09:32:28'),(43,'54ชพ.01042024000000-15(3)','คีย์บอร์ด',1,5,'DELL','ปกติ','B316',NULL,'2025-02-26 09:32:28.689','2025-02-26 09:32:28'),(44,'54ชพ.01042024000000-15(5)','เมาส์',1,5,'Dell MS111-L','ปกติ','B317',NULL,'2025-02-26 09:32:28.689','2025-02-26 09:32:28'),(45,'54ชพ.01042024000000-16(1)','จอคอมพิวเตอร์',1,5,'DELL','ปกติ','B317',NULL,'2025-02-26 09:32:28.689','2025-02-26 09:32:28'),(46,'54ชพ.01042024000000-16(2)','เคส PC',1,5,'DELL','ปกติ','B317',NULL,'2025-02-26 09:32:28.689','2025-02-26 09:32:28'),(47,'54ชพ.01042024000000-16(3)','คีย์บอร์ด',1,5,'DELL','ปกติ','B317',NULL,'2025-02-26 09:32:28.689','2025-02-26 09:32:28'),(48,'54ชพ.01042024000000-17(1)','จอคอมพิวเตอร์',1,5,'DELL','ปกติ','B317',NULL,'2025-02-26 09:32:28.689','2025-02-26 09:32:28'),(49,'54ชพ.01042024000000-17(2)','เคส PC',1,5,'DELL','ปกติ','B317',NULL,'2025-02-26 09:32:28.689','2025-02-26 09:32:28'),(50,'54ชพ.01042024000000-17(3)','คีย์บอร์ด',1,5,'DELL','ปกติ','B317',NULL,'2025-02-26 09:32:28.689','2025-02-26 09:32:28'),(51,'54ชพ.01042024000000-17(5)','เมาส์',1,5,'Dell MS111-L','ปกติ','B317',NULL,'2025-02-26 09:32:28.689','2025-02-26 09:32:28'),(52,'54ชพ.01042024000000-19(1)','จอคอมพิวเตอร์',1,5,'DELL','ปกติ','B317',NULL,'2025-02-26 09:32:28.689','2025-02-26 09:32:28'),(53,'54ชพ.01042024000000-19(2)','เคส PC',1,5,'DELL','ปกติ','B316',NULL,'2025-02-26 09:32:28.689','2025-02-26 09:32:28'),(54,'54ชพ.01042024000000-19(5)','เมาส์',1,5,'DELL','ปกติ','B316',NULL,'2025-02-26 09:32:28.689','2025-02-26 09:32:28'),(55,'54ชพ.01042024000000-20(3)','คีย์บอร์ด',1,5,'DELL','ปกติ','B316',NULL,'2025-02-26 09:32:28.689','2025-02-26 09:32:28'),(56,'54ชพ.01042024000000-20(5)','เมาส์',1,5,'DELL','ปกติ','B316',NULL,'2025-02-26 09:32:28.689','2025-02-26 09:32:28'),(57,'54ชพ.01042024000000-21(2)','เคส PC',1,5,'DELL','ปกติ','B317',NULL,'2025-02-26 09:32:28.689','2025-02-26 09:32:28'),(58,'54ชพ.01042024000000-22(1)','จอคอมพิวเตอร์',1,5,'DELL','ปกติ','B317',NULL,'2025-02-26 09:32:28.689','2025-02-26 09:32:28'),(59,'54ชพ.01042024000000-22(2)','เคส PC',1,5,'DELL','ปกติ','B316',NULL,'2025-02-26 09:32:28.689','2025-02-26 09:32:28'),(60,'54ชพ.01042024000000-23(2)','เคส PC',1,5,'DELL','ปกติ','B317',NULL,'2025-02-26 09:32:28.689','2025-02-26 09:32:28'),(61,'54ชพ.01042024000000-23(3)','คีย์บอร์ด',1,5,'DELL','ปกติ','B317',NULL,'2025-02-26 09:32:28.689','2025-02-26 09:32:28'),(62,'54ชพ.01042024000000-24(1)','จอคอมพิวเตอร์',1,5,'DELL','ปกติ','B316',NULL,'2025-02-26 09:32:28.689','2025-02-26 09:32:28'),(63,'54ชพ.01042024000000-24(2)','เคส PC',1,5,'DELL','ปกติ','B316',NULL,'2025-02-26 09:32:28.689','2025-02-26 09:32:28'),(64,'54ชพ.01042024000000-25(2)','เคส PC',1,5,'DELL','ปกติ','B317',NULL,'2025-02-26 09:32:28.689','2025-02-26 09:32:28'),(65,'54ชพ.01042024000000-25(5)','เมาส์',1,5,'Dell MS111-L','ปกติ','B317',NULL,'2025-02-26 09:32:28.689','2025-02-26 09:32:28'),(66,'54ชพ.01042024000000-26(2)','เคส PC',1,5,'DELL','ปกติ','B317',NULL,'2025-02-26 09:32:28.689','2025-02-26 09:32:28'),(67,'54ชพ.01042024000000-26(5)','เมาส์',1,5,'Dell MS111-L','ปกติ','B317',NULL,'2025-02-26 09:32:28.689','2025-02-26 09:32:28'),(68,'54ชพ.01042024000000-28(2)','เคส PC',1,5,'DELL','ปกติ','B317',NULL,'2025-02-26 09:32:28.689','2025-02-26 09:32:28'),(69,'54ชพ.01042024000000-29(5)','เมาส์',1,5,'Dell MS111-L','ปกติ','B317',NULL,'2025-02-26 09:32:28.689','2025-02-26 09:32:28'),(70,'54ชพ.01042024000000-32(1)','จอคอมพิวเตอร์',1,5,'DELL','ปกติ','B316',NULL,'2025-02-26 09:32:28.689','2025-02-26 09:32:28'),(71,'54ชพ.01042024000000-32(2)','เคส PC',1,5,'DELL','ปกติ','B316',NULL,'2025-02-26 09:32:28.689','2025-02-26 09:32:28'),(72,'54ชพ.01042024000000-32(3)','คีย์บอร์ด',1,5,'DELL','ปกติ','B317',NULL,'2025-02-26 09:32:28.689','2025-02-26 09:32:28'),(73,'54ชพ.01042024000000-33(2)','เคส PC',1,5,'DELL','ปกติ','B317',NULL,'2025-02-26 09:32:28.689','2025-02-26 09:32:28'),(74,'54ชพ.01042024000000-34(5)','เมาส์',1,5,'Dell MS111-L','ปกติ','B317',NULL,'2025-02-26 09:32:28.689','2025-02-26 09:32:28'),(75,'54ชพ.01042024000000-35(1)','จอคอมพิวเตอร์',1,5,'DELL','ปกติ','B317',NULL,'2025-02-26 09:32:28.689','2025-02-26 09:32:28'),(76,'54ชพ.01042024000000-35(2)','เคส PC',1,5,'DELL','ปกติ','B317',NULL,'2025-02-26 09:32:28.689','2025-02-26 09:32:28'),(77,'54ชพ.01042024000000-35(5)','เมาส์',1,5,'DELL','ปกติ','B316',NULL,'2025-02-26 09:32:28.689','2025-02-26 09:32:28'),(78,'54ชพ.01042024000000-36(1)','จอคอมพิวเตอร์',1,5,'DELL','ปกติ','B317',NULL,'2025-02-26 09:32:28.689','2025-02-26 09:32:28'),(79,'54ชพ.01042024000000-36(2)','เคส PC',1,5,'DELL','ปกติ','B317',NULL,'2025-02-26 09:32:28.689','2025-02-26 09:32:28'),(80,'54ชพ.01042024000000-36(3)','คีย์บอร์ด',1,5,'DELL','ปกติ','B317',NULL,'2025-02-26 09:32:28.689','2025-02-26 09:32:28'),(81,'54ชพ.01042024000000-37(1)','จอคอมพิวเตอร์',1,5,'DELL','ปกติ','B317',NULL,'2025-02-26 09:32:28.689','2025-02-26 09:32:28'),(82,'54ชพ.01042024000000-37(3)','คีย์บอร์ด',1,5,'DELL','ปกติ','B317',NULL,'2025-02-26 09:32:28.689','2025-02-26 09:32:28'),(83,'54ชพ.01042024000000-37(5)','เมาส์',1,5,'Dell MS111-L','ปกติ','B317',NULL,'2025-02-26 09:32:28.689','2025-02-26 09:32:28'),(84,'54ชพ.01042024000000-38(1)','จอคอมพิวเตอร์',1,5,'DELL','ปกติ','B316',NULL,'2025-02-26 09:32:28.689','2025-02-26 09:32:28'),(85,'54ชพ.01042024000000-38(2)','เคส PC',1,5,'DELL','ปกติ','B317',NULL,'2025-02-26 09:32:28.689','2025-02-26 09:32:28'),(86,'54ชพ.01042024000000-39(2)','เคส PC',1,5,'DELL','ปกติ','B317',NULL,'2025-02-26 09:32:28.689','2025-02-26 09:32:28'),(87,'54ชพ.01042024000000-39(3)','คีย์บอร์ด',1,5,'DELL','ปกติ','B316',NULL,'2025-02-26 09:32:28.689','2025-02-26 09:32:28'),(88,'54ชพ.01042024000000-39(5)','เมาส์',1,5,'Dell MS111-L','ปกติ','B317',NULL,'2025-02-26 09:32:28.689','2025-02-26 09:32:28'),(89,'54ชพ.01042024000000-40(2)','เคส PC',1,5,'DELL','ปกติ','B317',NULL,'2025-02-26 09:32:28.689','2025-02-26 09:32:28'),(90,'54ชพ.01042024000000-40(3)','คีย์บอร์ด',1,5,'DELL','ปกติ','B317',NULL,'2025-02-26 09:32:28.689','2025-02-26 09:32:28'),(91,'54ชพ.01042024000000-42(3)','คีย์บอร์ด',1,5,'DELL','ปกติ','B317',NULL,'2025-02-26 09:32:28.689','2025-02-26 09:32:28'),(92,'54ชพ.01042024000000-43(2)','เคส PC',1,5,'DELL','ปกติ','B317',NULL,'2025-02-26 09:32:28.689','2025-02-26 09:32:28'),(93,'54ชพ.01042024000000-43(3)','คีย์บอร์ด',1,5,'DELL','ปกติ','B317',NULL,'2025-02-26 09:32:28.689','2025-02-26 09:32:28'),(94,'54ชพ.01042024000000-44(2)','เคส PC',1,5,'DELL','ปกติ','B317',NULL,'2025-02-26 09:32:28.689','2025-02-26 09:32:28'),(95,'54ชพ.01042024000000-44(3)','คีย์บอร์ด',1,5,'DELL','ปกติ','B317',NULL,'2025-02-26 09:32:28.689','2025-02-26 09:32:28'),(96,'54ชพ.01042024000000-45(1)','จอคอมพิวเตอร์',1,5,'DELL','ปกติ','B316',NULL,'2025-02-26 09:32:28.689','2025-02-26 09:32:28'),(97,'54ชพ.01042024000000-45(2)','เคส PC',1,5,'DELL','ปกติ','B317',NULL,'2025-02-26 09:32:28.689','2025-02-26 09:32:28'),(98,'54ชพ.01042024000000-45(3)','คีย์บอร์ด',1,5,'DELL','ปกติ','B317',NULL,'2025-02-26 09:32:28.689','2025-02-26 09:32:28'),(99,'54ชพ.01042024000000-46(1)','จอคอมพิวเตอร์',1,5,'DELL','ปกติ','B317',NULL,'2025-02-26 09:32:28.689','2025-02-26 09:32:28'),(100,'54ชพ.01042024000000-46(2)','เคส PC',1,5,'DELL','ปกติ','B317',NULL,'2025-02-26 09:32:28.689','2025-02-26 09:32:28'),(101,'54ชพ.01042024000000-46(3)','คีย์บอร์ด',1,5,'DELL','ปกติ','B317',NULL,'2025-02-26 09:32:28.689','2025-02-26 09:32:28'),(102,'54ชพ.01042024000000-46(5)','เมาส์',1,5,'Dell MS111-L','ปกติ','B317',NULL,'2025-02-26 09:32:28.689','2025-02-26 09:32:28'),(103,'54ชพ.01042024000000-47(3)','คีย์บอร์ด',1,5,'DELL','ปกติ','B317',NULL,'2025-02-26 09:32:28.689','2025-02-26 09:32:28'),(104,'54ชพ.01042024000000-48(1)','จอคอมพิวเตอร์',1,5,'DELL','ปกติ','B317',NULL,'2025-02-26 09:32:28.689','2025-02-26 09:32:28'),(105,'54ชพ.01042024000000-48(3)','คีย์บอร์ด',1,5,'DELL','ปกติ','B316',NULL,'2025-02-26 09:32:28.689','2025-02-26 09:32:28'),(106,'54ชพ.01042024000000-51(1)','จอคอมพิวเตอร์',1,5,'DELL','ปกติ','B317',NULL,'2025-02-26 09:32:28.689','2025-02-26 09:32:28'),(107,'54ชพ.01042024000000-51(2)','เคส PC',1,5,'DELL','ปกติ','B316',NULL,'2025-02-26 09:32:28.689','2025-02-26 09:32:28'),(108,'54ชพ.01042024000000-51(3)','คีย์บอร์ด',1,5,'DELL','ปกติ','B317',NULL,'2025-02-26 09:32:28.689','2025-02-26 09:32:28'),(109,'54ชพ.01042024000000-51(5)','เมาส์',1,5,'Dell MS111-L','ปกติ','B317',NULL,'2025-02-26 09:32:28.689','2025-02-26 09:32:28'),(110,'57ชพ.01042024000000-06(2)','จอคอมพิวเตอร์',1,8,'Lenovo','ปกติ','B317',NULL,'2025-02-26 09:32:28.689','2025-02-26 09:32:28'),(111,'57ชพ.01042024000000-41(2)','คีย์บอร์ด',1,8,'Lenovo','ปกติ','B317',NULL,'2025-02-26 09:32:28.689','2025-02-26 09:32:28'),(112,'59ชพ.10418961000000-15(05)','NB',1,10,'Satellite L50-B','ปกติ','B317',NULL,'2025-02-26 09:32:28.689','2025-02-26 09:32:28'),(113,'65ชพ.99000026111600-06','เครื่องแสดงคลื่นกระแสไฟฟ้าแบบตั้งพื้น',1,16,'Tektronix TBS 1000C Series','ปกติ','E107',NULL,'2025-02-26 09:32:28.689','2025-02-26 09:32:28'),(114,'65ชพ.99000026111600-07','เครื่องแสดงคลื่นกระแสไฟฟ้าแบบตั้งพื้น',1,16,'Tektronix TBS 1000C Series','ปกติ','E107',NULL,'2025-02-26 09:32:28.689','2025-02-26 09:32:28'),(115,'65ชพ.99000026111600-08','เครื่องแสดงคลื่นกระแสไฟฟ้าแบบตั้งพื้น',1,16,'Tektronix TBS 1000C Series','ปกติ','E107',NULL,'2025-02-26 09:32:28.689','2025-02-26 09:32:28'),(116,'65ชพ.99000026111600-09','เครื่องแสดงคลื่นกระแสไฟฟ้าแบบตั้งพื้น',1,16,'Tektronix TBS 1000C Series','ปกติ','E107',NULL,'2025-02-26 09:32:28.689','2025-02-26 09:32:28'),(117,'65ชพ.99000026111600-10','เครื่องแสดงคลื่นกระแสไฟฟ้าแบบตั้งพื้น',1,16,'Tektronix TBS 1000C Series','ปกติ','E107',NULL,'2025-02-26 09:32:28.689','2025-02-26 09:32:28'),(118,'65ชพ.99000026111600-11','แหล่งจ่ายไฟ DC',1,16,'GWINSTEK GPS-3303','ปกติ','E107',NULL,'2025-02-26 09:32:28.689','2025-02-26 09:32:28'),(119,'65ชพ.99000026111600-12','แหล่งจ่ายไฟ DC',1,16,'GWINSTEK GPS-3303','ปกติ','E107',NULL,'2025-02-26 09:32:28.689','2025-02-26 09:32:28'),(120,'65ชพ.99000026111600-13','แหล่งจ่ายไฟ DC',1,16,'GWINSTEK GPS-3303','ปกติ','E107',NULL,'2025-02-26 09:32:28.689','2025-02-26 09:32:28'),(121,'65ชพ.99000026111600-14','แหล่งจ่ายไฟ DC',1,16,'GWINSTEK GPS-3303','ปกติ','E107',NULL,'2025-02-26 09:32:28.689','2025-02-26 09:32:28'),(122,'65ชพ.99000026111600-15','แหล่งจ่ายไฟ DC',1,16,'GWINSTEK GPS-3303','ปกติ','E107',NULL,'2025-02-26 09:32:28.689','2025-02-26 09:32:28'),(123,'65ชพ.99000026111600-16','แหล่งจ่ายไฟ DC',1,16,'GWINSTEK GPS-3303','ปกติ','E107',NULL,'2025-02-26 09:32:28.689','2025-02-26 09:32:28'),(124,'65ชพ.99000026111600-17','เครื่องกำเนิดสัญญาณ',1,16,'GWINSTEK SFG-1013','ปกติ','E107',NULL,'2025-02-26 09:32:28.689','2025-02-26 09:32:28'),(125,'65ชพ.99000026111600-18','เครื่องกำเนิดสัญญาณ',1,16,'GWINSTEK SFG-1013','ปกติ','E107',NULL,'2025-02-26 09:32:28.689','2025-02-26 09:32:28'),(126,'65ชพ.99000026111600-19','เครื่องกำเนิดสัญญาณ',1,16,'GWINSTEK SFG-1013','ปกติ','E107',NULL,'2025-02-26 09:32:28.689','2025-02-26 09:32:28'),(127,'65ชพ.99000026111600-20','เครื่องกำเนิดสัญญาณ',1,16,'GWINSTEK SFG-1013','ปกติ','E107',NULL,'2025-02-26 09:32:28.689','2025-02-26 09:32:28'),(128,'65ชพ.99000026111600-21','เครื่องกำเนิดสัญญาณ',1,16,'GWINSTEK SFG-1013','ปกติ','E107',NULL,'2025-02-26 09:32:28.689','2025-02-26 09:32:28'),(129,'66ชพ.99000026111600-01','แหล่งจ่ายไฟ DC',1,17,'UNI-TUDP3303C','ปกติ','E107',NULL,'2025-02-26 09:32:28.689','2025-02-26 09:32:28'),(130,'66ชพ.99000026111600-02','แหล่งจ่ายไฟ DC',1,17,'UNI-TUDP3303C','ปกติ','E107',NULL,'2025-02-26 09:32:28.689','2025-02-26 09:32:28'),(131,'66ชพ.99000026111600-03','แหล่งจ่ายไฟ DC',1,17,'UNI-TUDP3303C','ปกติ','E107',NULL,'2025-02-26 09:32:28.689','2025-02-26 09:32:28'),(132,'66ชพ.99000026111600-04','แหล่งจ่ายไฟ DC',1,17,'UNI-TUDP3303C','ปกติ','E107',NULL,'2025-02-26 09:32:28.689','2025-02-26 09:32:28'),(133,'66ชพ.99000026111600-05','แหล่งจ่ายไฟ DC',1,17,'UNI-TUDP3303C','ปกติ','E107',NULL,'2025-02-26 09:32:28.689','2025-02-26 09:32:28'),(134,'66ชพ.99000026111600-06','แหล่งจ่ายไฟ DC',1,17,'UNI-TUDP3303C','ปกติ','E107',NULL,'2025-02-26 09:32:28.689','2025-02-26 09:32:28'),(135,'66ชพ.99000026111600-07','แหล่งจ่ายไฟ DC',1,17,'UNI-TUDP3303C','ปกติ','E107',NULL,'2025-02-26 09:32:28.689','2025-02-26 09:32:28'),(136,'66ชพ.99000026111600-08','แหล่งจ่ายไฟ DC',1,17,'UNI-TUDP3303C','ปกติ','E107',NULL,'2025-02-26 09:32:28.689','2025-02-26 09:32:28'),(137,'66ชพ.99000026111600-09','แหล่งจ่ายไฟ DC',1,17,'UNI-TUDP3303C','ปกติ','E107',NULL,'2025-02-26 09:32:28.689','2025-02-26 09:32:28'),(138,'66ชพ.99000026111600-10','เครื่องกำเนิดสัญญาณ',1,17,'UNI-TUTG932E','ปกติ','E107',NULL,'2025-02-26 09:32:28.689','2025-02-26 09:32:28'),(139,'66ชพ.99000026111600-11','เครื่องกำเนิดสัญญาณ',1,17,'UNI-TUTG932E','ปกติ','E107',NULL,'2025-02-26 09:32:28.689','2025-02-26 09:32:28'),(140,'66ชพ.99000026111600-12','เครื่องกำเนิดสัญญาณ',1,17,'UNI-TUTG932E','ปกติ','E107',NULL,'2025-02-26 09:32:28.689','2025-02-26 09:32:28'),(141,'66ชพ.99000026111600-13','เครื่องกำเนิดสัญญาณ',1,17,'UNI-TUTG932E','ปกติ','E107',NULL,'2025-02-26 09:32:28.689','2025-02-26 09:32:28'),(142,'66ชพ.99000026111600-14','เครื่องกำเนิดสัญญาณ',1,17,'UNI-TUTG932E','ปกติ','E107',NULL,'2025-02-26 09:32:28.689','2025-02-26 09:32:28'),(143,'66ชพ.99000026111600-15','เครื่องกำเนิดสัญญาณ',1,17,'UNI-TUTG932E','ปกติ','E107',NULL,'2025-02-26 09:32:28.689','2025-02-26 09:32:28'),(144,'66ชพ.99000026111600-16','เครื่องกำเนิดสัญญาณ',1,17,'UNI-TUTG932E','ปกติ','E107',NULL,'2025-02-26 09:32:28.689','2025-02-26 09:32:28'),(145,'66ชพ.99000026111600-17','เครื่องกำเนิดสัญญาณ',1,17,'UNI-TUTG932E','ปกติ','E107',NULL,'2025-02-26 09:32:28.689','2025-02-26 09:32:28'),(146,'66ชพ.99000026111600-18','เครื่องกำเนิดสัญญาณ',1,17,'UNI-TUTG932E','ปกติ','E107',NULL,'2025-02-26 09:32:28.689','2025-02-26 09:32:28'),(147,'66ชพ.99000026111600-19','เครื่องกำเนิดสัญญาณ',1,17,'UNI-TUTG932E','ปกติ','E107',NULL,'2025-02-26 09:32:28.689','2025-02-26 09:32:28'),(148,'66ชพ.99000041113700-01','เครื่องแสดงคลื่นกระแสไฟฟ้าแบบตั้งพื้น',1,17,'Tektronix TBS 1000 C series','ปกติ','E107',NULL,'2025-02-26 09:32:28.689','2025-02-26 09:32:28'),(149,'66ชพ.99000041113700-02','เครื่องแสดงคลื่นกระแสไฟฟ้าแบบตั้งพื้น',1,17,'Tektronix TBS 1000 C series','ปกติ','E107',NULL,'2025-02-26 09:32:28.689','2025-02-26 09:32:28'),(150,'66ชพ.99000041113700-03','เครื่องแสดงคลื่นกระแสไฟฟ้าแบบตั้งพื้น',1,17,'Tektronix TBS 1000 C series','ปกติ','E107',NULL,'2025-02-26 09:32:28.689','2025-02-26 09:32:28'),(151,'66ชพ.99000041113700-04','เครื่องแสดงคลื่นกระแสไฟฟ้าแบบตั้งพื้น',1,17,'Tektronix TBS 1000 C series','ปกติ','E107',NULL,'2025-02-26 09:32:28.689','2025-02-26 09:32:28'),(152,'66ชพ.99000041113700-05','เครื่องแสดงคลื่นกระแสไฟฟ้าแบบตั้งพื้น',1,17,'Tektronix TBS 1000 C series','ปกติ','E107',NULL,'2025-02-26 09:32:28.689','2025-02-26 09:32:28'),(153,'66ชพ.99000041113700-06','เครื่องแสดงคลื่นกระแสไฟฟ้าแบบตั้งพื้น',1,17,'Tektronix TBS 1000 C series','ปกติ','E107',NULL,'2025-02-26 09:32:28.689','2025-02-26 09:32:28'),(154,'66ชพ.99000041113700-07','เครื่องแสดงคลื่นกระแสไฟฟ้าแบบตั้งพื้น',1,17,'Tektronix TBS 1000 C series','ปกติ','E107',NULL,'2025-02-26 09:32:28.689','2025-02-26 09:32:28'),(155,'66ชพ.99000041113700-08','เครื่องแสดงคลื่นกระแสไฟฟ้าแบบตั้งพื้น',1,17,'Tektronix TBS 1000 C series','ปกติ','E107',NULL,'2025-02-26 09:32:28.689','2025-02-26 09:32:28'),(156,'66ชพ.99000041113700-09','เครื่องแสดงคลื่นกระแสไฟฟ้าแบบตั้งพื้น',1,17,'Tektronix TBS 1000 C series','ปกติ','E107',NULL,'2025-02-26 09:32:28.689','2025-02-26 09:32:28'),(157,'66ชพ.99000041113700-10','เครื่องแสดงคลื่นกระแสไฟฟ้าแบบตั้งพื้น',1,17,'Tektronix TBS 1000 C series','ปกติ','E107',NULL,'2025-02-26 09:32:28.689','2025-02-26 09:32:28'),(158,'67ชพ.01016488000000-01','186.4เครื่องสำรองไฟ ขนาด 2KVA',1,18,NULL,'ปกติ','E112',NULL,'2025-02-26 09:32:28.689','2025-02-26 09:32:28'),(159,'67ชพ.01041802000000-08','186.5เครื่องพิมพ์ Multifunction เลเซอร์',1,18,NULL,'ปกติ','E112',NULL,'2025-02-26 09:32:28.689','2025-02-26 09:32:28'),(160,'67ชพ.01041950000000-01','เครื่องคอมพิวเตอร์สำหรับประมวลผลปัญญาประดิษฐ์',1,18,NULL,'ปกติ','E112',NULL,'2025-02-26 09:32:28.689','2025-02-26 09:32:28'),(161,'67ชพ.01041950000000-01(1.0)','186.2 Mouse + Keyboard',1,18,NULL,'ปกติ','E112',NULL,'2025-02-26 09:32:28.689','2025-02-26 09:32:28'),(162,'67ชพ.01041950000000-01(1)','186.1(หน่วยประมวลผลกลาง)',1,18,NULL,'ปกติ','E112',NULL,'2025-02-26 09:32:28.689','2025-02-26 09:32:28'),(163,'67ชพ.01042341000000-01','เก้าอี้สำนักงานระบบปรับเอน',1,18,NULL,'ปกติ','E112',NULL,'2025-02-26 09:32:28.689','2025-02-26 09:32:28'),(164,'67ชพ.01042341000000-02','เก้าอี้สำนักงานระบบปรับเอน',1,18,NULL,'ปกติ','E106',NULL,'2025-02-26 09:32:28.689','2025-02-26 09:32:28'),(165,'67ชพ.01042341000000-03','เก้าอี้สำนักงาน',1,18,NULL,'ปกติ','E107',NULL,'2025-02-26 09:32:28.689','2025-02-26 09:32:28'),(166,'67ชพ.01042341000000-04','เก้าอี้สำนักงาน',1,18,NULL,'ปกติ','E107',NULL,'2025-02-26 09:32:28.689','2025-02-26 09:32:28'),(167,'67ชพ.01042341000000-05','เก้าอี้สำนักงาน',1,18,NULL,'ปกติ','E112',NULL,'2025-02-26 09:32:28.689','2025-02-26 09:32:28'),(168,'67ชพ.01042341000000-06','เก้าอี้สำนักงาน',1,18,NULL,'ปกติ','E112',NULL,'2025-02-26 09:32:28.689','2025-02-26 09:32:28'),(169,'67ชพ.01042341000000-07','เก้าอี้สำนักงาน',1,18,NULL,'ปกติ','E107',NULL,'2025-02-26 09:32:28.689','2025-02-26 09:32:28'),(170,'67ชพ.01042341000000-08','เก้าอี้สำนักงาน',1,18,NULL,'ปกติ','B317',NULL,'2025-02-26 09:32:28.689','2025-02-26 09:32:28'),(171,'67ชพ.01042341000000-09','เก้าอี้สำนักงาน',1,18,NULL,'ปกติ','E112',NULL,'2025-02-26 09:32:28.689','2025-02-26 09:32:28'),(172,'67ชพ.01042341000000-10','เก้าอี้สำนักงาน',1,18,NULL,'ปกติ','E112',NULL,'2025-02-26 09:32:28.689','2025-02-26 09:32:28'),(173,'67ชพ.01042341000000-11','เก้าอี้สำนักงาน',1,18,NULL,'ปกติ','E112',NULL,'2025-02-26 09:32:28.689','2025-02-26 09:32:28'),(174,'67ชพ.01042341000000-12','เก้าอี้สำนักงาน',1,18,NULL,'ปกติ','E107',NULL,'2025-02-26 09:32:28.689','2025-02-26 09:32:28'),(175,'67ชพ.01042341000000-13','เก้าอี้สำนักงาน',1,18,NULL,'ปกติ','B317',NULL,'2025-02-26 09:32:28.689','2025-02-26 09:32:28'),(176,'67ชพ.01042341000000-14','เก้าอี้สำนักงาน',1,18,NULL,'ปกติ','B317',NULL,'2025-02-26 09:32:28.689','2025-02-26 09:32:28'),(177,'67ชพ.01042341000000-15','เก้าอี้สำนักงาน',1,18,NULL,'ปกติ','B317',NULL,'2025-02-26 09:32:28.689','2025-02-26 09:32:28'),(178,'67ชพ.01042341000000-16','เก้าอี้สำนักงาน',1,18,NULL,'ปกติ','B317',NULL,'2025-02-26 09:32:28.689','2025-02-26 09:32:28'),(179,'67ชพ.01042341000000-17','เก้าอี้สำนักงาน',1,18,NULL,'ปกติ','B317',NULL,'2025-02-26 09:32:28.689','2025-02-26 09:32:28'),(180,'67ชพ.01042341000000-18','เก้าอี้สำนักงาน',1,18,NULL,'ปกติ','B317',NULL,'2025-02-26 09:32:28.689','2025-02-26 09:32:28'),(181,'67ชพ.01042341000000-19','เก้าอี้สำนักงาน',1,18,NULL,'ปกติ','B317',NULL,'2025-02-26 09:32:28.689','2025-02-26 09:32:28'),(182,'67ชพ.01042341000000-20','เก้าอี้สำนักงาน',1,18,NULL,'ปกติ','B317',NULL,'2025-02-26 09:32:28.689','2025-02-26 09:32:28'),(183,'67ชพ.01042341000000-21','เก้าอี้สำนักงาน',1,18,NULL,'ปกติ','B317',NULL,'2025-02-26 09:32:28.689','2025-02-26 09:32:28'),(184,'67ชพ.01042341000000-22','เก้าอี้สำนักงาน',1,18,NULL,'ปกติ','B317',NULL,'2025-02-26 09:32:28.689','2025-02-26 09:32:28'),(185,'67ชพ.01042341000000-23','เก้าอี้สำนักงาน',1,18,NULL,'ปกติ','B317',NULL,'2025-02-26 09:32:28.689','2025-02-26 09:32:28'),(186,'67ชพ.01042341000000-24','เก้าอี้สำนักงาน',1,18,NULL,'ปกติ','B317',NULL,'2025-02-26 09:32:28.689','2025-02-26 09:32:28'),(187,'67ชพ.01042341000000-25','เก้าอี้สำนักงาน',1,18,NULL,'ปกติ','B317',NULL,'2025-02-26 09:32:28.689','2025-02-26 09:32:28'),(188,'67ชพ.01042341000000-26','เก้าอี้สำนักงาน',1,18,NULL,'ปกติ','B317',NULL,'2025-02-26 09:32:28.689','2025-02-26 09:32:28'),(189,'67ชพ.01042341000000-27','เก้าอี้สำนักงาน',1,18,NULL,'ปกติ','B317',NULL,'2025-02-26 09:32:28.689','2025-02-26 09:32:28'),(190,'67ชพ.01042341000000-28','เก้าอี้สำนักงาน',1,18,NULL,'ปกติ','B317',NULL,'2025-02-26 09:32:28.689','2025-02-26 09:32:28'),(191,'67ชพ.01042341000000-29','เก้าอี้สำนักงาน',1,18,NULL,'ปกติ','B317',NULL,'2025-02-26 09:32:28.689','2025-02-26 09:32:28'),(192,'67ชพ.01042341000000-30','เก้าอี้สำนักงาน',1,18,NULL,'ปกติ','B317',NULL,'2025-02-26 09:32:28.689','2025-02-26 09:32:28'),(193,'67ชพ.01042341000000-31','เก้าอี้สำนักงาน',1,18,NULL,'ปกติ','B317',NULL,'2025-02-26 09:32:28.689','2025-02-26 09:32:28'),(194,'67ชพ.01042341000000-32','เก้าอี้สำนักงาน',1,18,NULL,'ปกติ','B317',NULL,'2025-02-26 09:32:28.689','2025-02-26 09:32:28'),(195,'67ชพ.01042342000000-01','เก้าอี้',1,18,NULL,'ปกติ','E111',NULL,'2025-02-26 09:32:28.689','2025-02-26 09:32:28'),(196,'67ชพ.01042342000000-02','เก้าอี้',1,18,NULL,'ปกติ','E111',NULL,'2025-02-26 09:32:28.689','2025-02-26 09:32:28'),(197,'67ชพ.01042342000000-03','เก้าอี้',1,18,NULL,'ปกติ','E111',NULL,'2025-02-26 09:32:28.689','2025-02-26 09:32:28'),(198,'67ชพ.01042342000000-04','เก้าอี้',1,18,NULL,'ปกติ','E111',NULL,'2025-02-26 09:32:28.689','2025-02-26 09:32:28'),(199,'67ชพ.01042342000000-05','เก้าอี้',1,18,NULL,'ปกติ','E111',NULL,'2025-02-26 09:32:28.689','2025-02-26 09:32:28'),(200,'67ชพ.01042342000000-06','เก้าอี้',1,18,NULL,'ปกติ','E111',NULL,'2025-02-26 09:32:28.689','2025-02-26 09:32:28'),(201,'67ชพ.01042342000000-07','เก้าอี้',1,18,NULL,'ปกติ','E111',NULL,'2025-02-26 09:32:28.689','2025-02-26 09:32:28'),(202,'67ชพ.01042342000000-08','เก้าอี้',1,18,NULL,'ปกติ','E111',NULL,'2025-02-26 09:32:28.689','2025-02-26 09:32:28'),(203,'67ชพ.01042342000000-09','เก้าอี้',1,18,NULL,'ปกติ','E111',NULL,'2025-02-26 09:32:28.689','2025-02-26 09:32:28'),(204,'67ชพ.01042342000000-10','เก้าอี้',1,18,NULL,'ปกติ','E111',NULL,'2025-02-26 09:32:28.689','2025-02-26 09:32:28'),(205,'67ชพ.01042342000000-11','เก้าอี้',1,18,NULL,'ปกติ','E111',NULL,'2025-02-26 09:32:28.689','2025-02-26 09:32:28'),(206,'67ชพ.01042342000000-12','เก้าอี้',1,18,NULL,'ปกติ','E111',NULL,'2025-02-26 09:32:28.689','2025-02-26 09:32:28'),(207,'67ชพ.01042342000000-13','เก้าอี้',1,18,NULL,'ปกติ','E111',NULL,'2025-02-26 09:32:28.689','2025-02-26 09:32:28'),(208,'67ชพ.01042342000000-14','เก้าอี้',1,18,NULL,'ปกติ','E111',NULL,'2025-02-26 09:32:28.689','2025-02-26 09:32:28'),(209,'67ชพ.01042342000000-15','เก้าอี้',1,18,NULL,'ปกติ','E111',NULL,'2025-02-26 09:32:28.689','2025-02-26 09:32:28'),(210,'67ชพ.01042342000000-16','เก้าอี้',1,18,NULL,'ปกติ','E111',NULL,'2025-02-26 09:32:28.689','2025-02-26 09:32:28'),(211,'67ชพ.01042342000000-17','เก้าอี้',1,18,NULL,'ปกติ','E111',NULL,'2025-02-26 09:32:28.689','2025-02-26 09:32:28'),(212,'67ชพ.01042342000000-18','เก้าอี้',1,18,NULL,'ปกติ','E111',NULL,'2025-02-26 09:32:28.689','2025-02-26 09:32:28'),(213,'67ชพ.01042342000000-19','เก้าอี้',1,18,NULL,'ปกติ','E111',NULL,'2025-02-26 09:32:28.689','2025-02-26 09:32:28'),(214,'67ชพ.01042342000000-20','เก้าอี้',1,18,NULL,'ปกติ','E111',NULL,'2025-02-26 09:32:28.689','2025-02-26 09:32:28'),(215,'67ชพ.01042342000000-21','เก้าอี้',1,18,NULL,'ปกติ','E111',NULL,'2025-02-26 09:32:28.689','2025-02-26 09:32:28'),(216,'67ชพ.01042342000000-22','เก้าอี้',1,18,NULL,'ปกติ','E111',NULL,'2025-02-26 09:32:28.689','2025-02-26 09:32:28'),(217,'67ชพ.01042342000000-23','เก้าอี้',1,18,NULL,'ปกติ','E111',NULL,'2025-02-26 09:32:28.689','2025-02-26 09:32:28'),(218,'67ชพ.01042342000000-24','เก้าอี้',1,18,NULL,'ปกติ','E111',NULL,'2025-02-26 09:32:28.689','2025-02-26 09:32:28'),(219,'67ชพ.01042342000000-25','เก้าอี้',1,18,NULL,'ปกติ','E111',NULL,'2025-02-26 09:32:28.689','2025-02-26 09:32:28'),(220,'67ชพ.01042342000000-26','เก้าอี้',1,18,NULL,'ปกติ','E111',NULL,'2025-02-26 09:32:28.689','2025-02-26 09:32:28'),(221,'67ชพ.01042342000000-27','เก้าอี้',1,18,NULL,'ปกติ','E111',NULL,'2025-02-26 09:32:28.689','2025-02-26 09:32:28'),(222,'67ชพ.01042342000000-28','เก้าอี้',1,18,NULL,'ปกติ','E111',NULL,'2025-02-26 09:32:28.689','2025-02-26 09:32:28'),(223,'67ชพ.01042342000000-29','เก้าอี้',1,18,NULL,'ปกติ','E111',NULL,'2025-02-26 09:32:28.689','2025-02-26 09:32:28'),(224,'67ชพ.01042342000000-30','เก้าอี้',1,18,NULL,'ปกติ','E111',NULL,'2025-02-26 09:32:28.689','2025-02-26 09:32:28'),(225,'67ชพ.01042342000000-31','เก้าอี้',1,18,NULL,'ปกติ','E111',NULL,'2025-02-26 09:32:28.689','2025-02-26 09:32:28'),(226,'67ชพ.01042342000000-32','เก้าอี้',1,18,NULL,'ปกติ','E111',NULL,'2025-02-26 09:32:28.689','2025-02-26 09:32:28'),(227,'67ชพ.01042342000000-33','เก้าอี้',1,18,NULL,'ปกติ','E111',NULL,'2025-02-26 09:32:28.689','2025-02-26 09:32:28'),(228,'67ชพ.01042342000000-34','เก้าอี้',1,18,NULL,'ปกติ','E111',NULL,'2025-02-26 09:32:28.689','2025-02-26 09:32:28'),(229,'67ชพ.01042342000000-35','เก้าอี้',1,18,NULL,'ปกติ','E111',NULL,'2025-02-26 09:32:28.689','2025-02-26 09:32:28'),(230,'67ชพ.01042342000000-36','เก้าอี้',1,18,NULL,'ปกติ','E111',NULL,'2025-02-26 09:32:28.689','2025-02-26 09:32:28'),(231,'67ชพ.01042342000000-37','เก้าอี้',1,18,NULL,'ปกติ','E111',NULL,'2025-02-26 09:32:28.689','2025-02-26 09:32:28'),(232,'67ชพ.01042342000000-38','เก้าอี้',1,18,NULL,'ปกติ','E111',NULL,'2025-02-26 09:32:28.689','2025-02-26 09:32:28'),(233,'67ชพ.01042342000000-39','เก้าอี้',1,18,NULL,'ปกติ','E111',NULL,'2025-02-26 09:32:28.689','2025-02-26 09:32:28'),(234,'67ชพ.01042342000000-40','เก้าอี้',1,18,NULL,'ปกติ','E111',NULL,'2025-02-26 09:32:28.689','2025-02-26 09:32:28'),(235,'67ชพ.01042342000000-41','เก้าอี้',1,18,NULL,'ปกติ','E111',NULL,'2025-02-26 09:32:28.689','2025-02-26 09:32:28'),(236,'67ชพ.01042342000000-42','เก้าอี้',1,18,NULL,'ปกติ','E111',NULL,'2025-02-26 09:32:28.689','2025-02-26 09:32:28'),(237,'67ชพ.01042342000000-43','เก้าอี้',1,18,NULL,'ปกติ','E111',NULL,'2025-02-26 09:32:28.689','2025-02-26 09:32:28'),(238,'67ชพ.01042342000000-44','เก้าอี้',1,18,NULL,'ปกติ','E111',NULL,'2025-02-26 09:32:28.689','2025-02-26 09:32:28'),(239,'67ชพ.01042342000000-45','เก้าอี้',1,18,NULL,'ปกติ','E111',NULL,'2025-02-26 09:32:28.689','2025-02-26 09:32:28'),(240,'67ชพ.01042342000000-46','เก้าอี้',1,18,NULL,'ปกติ','E111',NULL,'2025-02-26 09:32:28.689','2025-02-26 09:32:28'),(241,'67ชพ.01042342000000-47','เก้าอี้',1,18,NULL,'ปกติ','E111',NULL,'2025-02-26 09:32:28.689','2025-02-26 09:32:28'),(242,'67ชพ.01042342000000-48','เก้าอี้',1,18,NULL,'ปกติ','E111',NULL,'2025-02-26 09:32:28.689','2025-02-26 09:32:28'),(243,'67ชพ.01042342000000-49','เก้าอี้',1,18,NULL,'ปกติ','E111',NULL,'2025-02-26 09:32:28.689','2025-02-26 09:32:28'),(244,'67ชพ.01042342000000-50','เก้าอี้',1,18,NULL,'ปกติ','E111',NULL,'2025-02-26 09:32:28.689','2025-02-26 09:32:28'),(245,'67ชพ.01042575000000-03','โต๊ะทำงานแบบโล่ง',1,18,NULL,'ปกติ','B317',NULL,'2025-02-26 09:32:28.689','2025-02-26 09:32:28'),(246,'67ชพ.01042575000000-04','โต๊ะทำงานแบบโล่ง',1,18,NULL,'ปกติ','B317',NULL,'2025-02-26 09:32:28.689','2025-02-26 09:32:28'),(247,'67ชพ.01042575000000-05','โต๊ะทำงานแบบโล่ง',1,18,NULL,'ปกติ','B317',NULL,'2025-02-26 09:32:28.689','2025-02-26 09:32:28'),(248,'67ชพ.01042575000000-06','โต๊ะทำงานแบบโล่ง',1,18,NULL,'ปกติ','B317',NULL,'2025-02-26 09:32:28.689','2025-02-26 09:32:28'),(249,'67ชพ.01042575000000-07','โต๊ะทำงานแบบโล่ง',1,18,NULL,'ปกติ','B317',NULL,'2025-02-26 09:32:28.689','2025-02-26 09:32:28'),(250,'67ชพ.01042575000000-08','โต๊ะทำงานแบบโล่ง',1,18,NULL,'ปกติ','B317',NULL,'2025-02-26 09:32:28.689','2025-02-26 09:32:28'),(251,'67ชพ.01042575000000-09','โต๊ะทำงานแบบโล่ง',1,18,NULL,'ปกติ','B317',NULL,'2025-02-26 09:32:28.689','2025-02-26 09:32:28'),(252,'67ชพ.01042575000000-10','โต๊ะทำงานแบบโล่ง',1,18,NULL,'ปกติ','B317',NULL,'2025-02-26 09:32:28.689','2025-02-26 09:32:28'),(253,'67ชพ.01042575000000-11','โต๊ะทำงานแบบโล่ง',1,18,NULL,'ปกติ','B317',NULL,'2025-02-26 09:32:28.689','2025-02-26 09:32:28'),(254,'67ชพ.01042575000000-12','โต๊ะทำงานแบบโล่ง',1,18,NULL,'ปกติ','B317',NULL,'2025-02-26 09:32:28.689','2025-02-26 09:32:28'),(255,'67ชพ.01042575000000-13','โต๊ะทำงานแบบโล่ง',1,18,NULL,'ปกติ','B317',NULL,'2025-02-26 09:32:28.689','2025-02-26 09:32:28'),(256,'67ชพ.01042575000000-14','โต๊ะทำงานแบบโล่ง',1,18,NULL,'ปกติ','B317',NULL,'2025-02-26 09:32:28.689','2025-02-26 09:32:28'),(257,'67ชพ.01042575000000-15','โต๊ะทำงาน',1,18,NULL,'ปกติ','E112',NULL,'2025-02-26 09:32:28.689','2025-02-26 09:32:28'),(258,'67ชพ.01042575000000-16','โต๊ะทำงาน',1,18,NULL,'ปกติ','E113',NULL,'2025-02-26 09:32:28.689','2025-02-26 09:32:28'),(259,'67ชพ.01042575000000-17','โต๊ะทำงาน',1,18,NULL,'ปกติ','E114',NULL,'2025-02-26 09:32:28.689','2025-02-26 09:32:28'),(260,'67ชพ.01042575000000-18','โต๊ะทำงาน',1,18,NULL,'ปกติ','E115',NULL,'2025-02-26 09:32:28.689','2025-02-26 09:32:28'),(261,'67ชพ.01042575000000-19','โต๊ะทำงาน',1,18,NULL,'ปกติ','E116',NULL,'2025-02-26 09:32:28.689','2025-02-26 09:32:28'),(262,'67ชพ.01042575000000-20','โต๊ะทำงาน',1,18,NULL,'ปกติ','E117',NULL,'2025-02-26 09:32:28.689','2025-02-26 09:32:28'),(263,'67ชพ.01042575000000-21','โต๊ะทำงานแบบมีลิ้นชัก',1,18,NULL,'ปกติ','E106',NULL,'2025-02-26 09:32:28.689','2025-02-26 09:32:28'),(264,'67ชพ.01042575000000-22','โต๊ะทำงานแบบมีลิ้นชัก',1,18,NULL,'ปกติ','E112',NULL,'2025-02-26 09:32:28.689','2025-02-26 09:32:28'),(265,'67ชพ.01043604000000-01','กระดานฟลิปชาร์ท แบบมีล้อเลื่อน',1,18,NULL,'ปกติ','E111',NULL,'2025-02-26 09:32:28.689','2025-02-26 09:32:28'),(266,'67ชพ.01043604000000-02','กระดานฟลิปชาร์ท แบบมีล้อเลื่อน',1,18,NULL,'ปกติ','E111',NULL,'2025-02-26 09:32:28.689','2025-02-26 09:32:28'),(267,'67ชพ.01043604000000-03','กระดานฟลิปชาร์ท แบบมีล้อเลื่อน',1,18,NULL,'ปกติ','E111',NULL,'2025-02-26 09:32:28.689','2025-02-26 09:32:28'),(268,'67ชพ.01043604000000-04','กระดานฟลิปชาร์ท แบบมีล้อเลื่อน',1,18,NULL,'ปกติ','E111',NULL,'2025-02-26 09:32:28.689','2025-02-26 09:32:28'),(269,'67ชพ.01043604000000-05','กระดานฟลิปชาร์ท แบบมีล้อเลื่อน',1,18,NULL,'ปกติ','E111',NULL,'2025-02-26 09:32:28.689','2025-02-26 09:32:28'),(270,'67ชพ.01043604000000-06','กระดานฟลิปชาร์ท แบบมีล้อเลื่อน',1,18,NULL,'ปกติ','E111',NULL,'2025-02-26 09:32:28.689','2025-02-26 09:32:28'),(271,'67ชพ.01043604000000-07','กระดานฟลิปชาร์ท แบบมีล้อเลื่อน',1,18,NULL,'ปกติ','E111',NULL,'2025-02-26 09:32:28.689','2025-02-26 09:32:28'),(272,'67ชพ.01043604000000-08','กระดานฟลิปชาร์ท แบบมีล้อเลื่อน',1,18,NULL,'ปกติ','E111',NULL,'2025-02-26 09:32:28.689','2025-02-26 09:32:28'),(273,'67ชพ.01043604000000-09','กระดานไวน์บอร์ด ขาตั้ง 2 หน้า มีล้อเลื่อน',1,18,NULL,'ปกติ','E107',NULL,'2025-02-26 09:32:28.689','2025-02-26 09:32:28'),(274,'67ชพ.01043604000000-10','กระดานไวน์บอร์ด ขาตั้ง 2 หน้า มีล้อเลื่อน',1,18,NULL,'ปกติ','E113',NULL,'2025-02-26 09:32:28.689','2025-02-26 09:32:28'),(275,'67ชพ.01043604000000-11','กระดานไวน์บอร์ด ขาตั้ง 2 หน้า มีล้อเลื่อน',1,18,NULL,'ปกติ','E113',NULL,'2025-02-26 09:32:28.689','2025-02-26 09:32:28'),(276,'67ชพ.01043604000000-12','กระดานไวน์บอร์ด ขาตั้ง 2 หน้า มีล้อเลื่อน',1,18,NULL,'ปกติ','E113',NULL,'2025-02-26 09:32:28.689','2025-02-26 09:32:28'),(277,'67ชพ.01053691000000-01','186.3จอแสดงภาพ ขนาด 23.8 นิ้ว',1,18,NULL,'ปกติ','E112',NULL,'2025-02-26 09:32:28.689','2025-02-26 09:32:28'),(278,'67ชพ.10142315000000-01','ตู้บานเลื่อนทึบ',1,18,NULL,'ปกติ','E107',NULL,'2025-02-26 09:32:28.689','2025-02-26 09:32:28'),(279,'67ชพ.10142315000000-02','ตู้บานเลื่อนทึบ',1,18,NULL,'ปกติ','E107',NULL,'2025-02-26 09:32:28.689','2025-02-26 09:32:28'),(280,'67ชพ.10142315000000-03','ตู้บานเลื่อนทึบ',1,18,NULL,'ปกติ','E107',NULL,'2025-02-26 09:32:28.689','2025-02-26 09:32:28'),(281,'67ชพ.10142315000000-04','ตู้บานเลื่อนทึบ',1,18,NULL,'ปกติ','E107',NULL,'2025-02-26 09:32:28.689','2025-02-26 09:32:28'),(282,'67ชพ.10142315000000-05','ตู้บานเลื่อนกระจก',1,18,NULL,'ปกติ','E113',NULL,'2025-02-26 09:32:28.689','2025-02-26 09:32:28'),(283,'67ชพ.10142315000000-06','ตู้บานเลื่อนกระจก',1,18,NULL,'ปกติ','E113',NULL,'2025-02-26 09:32:28.689','2025-02-26 09:32:28'),(284,'67ชพ.10142402000000-01','ตู้เอกสาร 2 บานเปิด',1,18,NULL,'ปกติ','E113',NULL,'2025-02-26 09:32:28.689','2025-02-26 09:32:28'),(285,'67ชพ.10142402000000-02','ตู้เอกสาร 2 บานเปิด',1,18,NULL,'ปกติ','E113',NULL,'2025-02-26 09:32:28.689','2025-02-26 09:32:28'),(286,'67ชพ.10142402000000-11','ตู้เอกสาร 4 บาน เปิด 3 ฟุต',1,18,NULL,'ปกติ','E107',NULL,'2025-02-26 09:32:28.689','2025-02-26 09:32:28'),(287,'67ชพ.10142402000000-12','ตู้เอกสารบานเลื่อนทึบสูง 4 ฟุต',1,18,NULL,'ปกติ','B217',NULL,'2025-02-26 09:32:28.689','2025-02-26 09:32:28'),(288,'67ชพ.10142402000000-13','ตู้เอกสารบานเลื่อนทึบสูง 4 ฟุต',1,18,NULL,'ปกติ','B217',NULL,'2025-02-26 09:32:28.689','2025-02-26 09:32:28'),(289,'67ชพ.10142402000000-14','ตู้เอกสาร 2 บานเปิดทึบ มือจับเขาควาย',1,18,NULL,'ปกติ','E107',NULL,'2025-02-26 09:32:28.689','2025-02-26 09:32:28'),(290,'67ชพ.10142402000000-15','ตู้เอกสาร 2 บานเปิดทึบ มือจับเขาควาย',1,18,NULL,'ปกติ','E107',NULL,'2025-02-26 09:32:28.689','2025-02-26 09:32:28'),(291,'67ชพ.10142402000000-16','ตู้เอกสาร 2 บานเปิดทึบ มือจับเขาควาย',1,18,NULL,'ปกติ','B317',NULL,'2025-02-26 09:32:28.689','2025-02-26 09:32:28'),(292,'67ชพ.10142402000000-17','ตู้เอกสาร 2 บานเปิด 3ฟุต',1,18,NULL,'ปกติ','E107',NULL,'2025-02-26 09:32:28.689','2025-02-26 09:32:28'),(293,'67ชพ.10142402000000-18','ตู้เอกสาร 4 ลิ้นชัก',1,18,NULL,'ปกติ','B317',NULL,'2025-02-26 09:32:28.689','2025-02-26 09:32:28'),(294,'67ชพ.10142402000000-19','ตู้เอกสาร 3 ลิ้นชัก',1,18,NULL,'ปกติ','E106',NULL,'2025-02-26 09:32:28.689','2025-02-26 09:32:28'),(295,'67ชพ.10142402000000-20','ตู้เอกสารบานเลื่อนกระจก 4 ฟุต',1,18,NULL,'ปกติ','E106',NULL,'2025-02-26 09:32:28.689','2025-02-26 09:32:28'),(296,'67ชพ.10142402000000-21','ตู้เอกสารบานเลื่อนกระจก 4 ฟุต',1,18,NULL,'ปกติ','E112',NULL,'2025-02-26 09:32:28.689','2025-02-26 09:32:28'),(297,'67ชพ.10142402000000-22','ตู้ 1 บาน 6 ลิ้นชัก 4 ฟุต',1,18,NULL,'ปกติ','E112',NULL,'2025-02-26 09:32:28.689','2025-02-26 09:32:28'),(298,'67ชพ.10142402000000-23','ตู้ 1 บาน 6 ลิ้นชัก 4 ฟุต',1,18,NULL,'ปกติ','E106',NULL,'2025-02-26 09:32:28.689','2025-02-26 09:32:28'),(299,'67ชพ.10142402000000-24','ตู้เอกสาร 4 บานเปิด 4 ฟุต',1,18,NULL,'ปกติ','E112',NULL,'2025-02-26 09:32:28.689','2025-02-26 09:32:28'),(300,'67ชพ.99000045111800-03','จอแสดงภาพขนาด 65 นิ้ว พร้อมขาตั้ง',1,18,NULL,'ปกติ','E112',NULL,'2025-02-26 09:32:28.689','2025-02-26 09:32:28'),(301,'67ชพ.99000045111800-04','จอแสดงภาพขนาด 65 นิ้ว พร้อมขาตั้ง',1,18,NULL,'ปกติ','E113',NULL,'2025-02-26 09:32:28.689','2025-02-26 09:32:28'),(302,'67ชพ.99000045111800-05','ชุดเครื่องเสียงเคลื่อนที่',1,18,NULL,'ปกติ','E112',NULL,'2025-02-26 09:32:28.689','2025-02-26 09:32:28'),(303,'67ชพ.99000045111800-06','ชุดเครื่องเสียงเคลื่อนที่',1,18,NULL,'ปกติ','E113',NULL,'2025-02-26 09:32:28.689','2025-02-26 09:32:28');
/*!40000 ALTER TABLE `equipment` ENABLE KEYS */;
UNLOCK TABLES;

--
-- Table structure for table `years`
--

DROP TABLE IF EXISTS `years`;
/*!40101 SET @saved_cs_client     = @@character_set_client */;
/*!50503 SET character_set_client = utf8mb4 */;
CREATE TABLE `years` (
  `id` int NOT NULL AUTO_INCREMENT,
  `years` int NOT NULL,
  `createdAt` datetime(3) NOT NULL DEFAULT CURRENT_TIMESTAMP(3),
  `updatedAt` timestamp NULL DEFAULT CURRENT_TIMESTAMP ON UPDATE CURRENT_TIMESTAMP,
  PRIMARY KEY (`id`)
) ENGINE=InnoDB AUTO_INCREMENT=19 DEFAULT CHARSET=utf8mb4 COLLATE=utf8mb4_unicode_ci;
/*!40101 SET character_set_client = @saved_cs_client */;

--
-- Dumping data for table `years`
--

LOCK TABLES `years` WRITE;
/*!40000 ALTER TABLE `years` DISABLE KEYS */;
INSERT INTO `years` VALUES (1,2550,'2025-02-26 09:27:46.668','2025-02-26 09:27:46'),(2,2551,'2025-02-26 09:27:46.668','2025-02-26 09:27:46'),(3,2552,'2025-02-26 09:27:46.668','2025-02-26 09:27:46'),(4,2553,'2025-02-26 09:27:46.668','2025-02-26 09:27:46'),(5,2554,'2025-02-26 09:27:46.668','2025-02-26 09:27:46'),(6,2555,'2025-02-26 09:27:46.668','2025-02-26 09:27:46'),(7,2556,'2025-02-26 09:27:46.668','2025-02-26 09:27:46'),(8,2557,'2025-02-26 09:27:46.668','2025-02-26 09:27:46'),(9,2558,'2025-02-26 09:27:46.668','2025-02-26 09:27:46'),(10,2559,'2025-02-26 09:27:46.668','2025-02-26 09:27:46'),(11,2560,'2025-02-26 09:27:46.668','2025-02-26 09:27:46'),(12,2561,'2025-02-26 09:27:46.668','2025-02-26 09:27:46'),(13,2562,'2025-02-26 09:27:46.668','2025-02-26 09:27:46'),(14,2563,'2025-02-26 09:27:46.668','2025-02-26 09:27:46'),(15,2564,'2025-02-26 09:27:46.668','2025-02-26 09:27:46'),(16,2565,'2025-02-26 09:27:46.668','2025-02-26 09:27:46'),(17,2566,'2025-02-26 09:27:46.668','2025-02-26 09:27:46'),(18,2567,'2025-02-26 09:27:46.668','2025-02-26 09:27:46');
/*!40000 ALTER TABLE `years` ENABLE KEYS */;
UNLOCK TABLES;
/*!40103 SET TIME_ZONE=@OLD_TIME_ZONE */;

/*!40101 SET SQL_MODE=@OLD_SQL_MODE */;
/*!40014 SET FOREIGN_KEY_CHECKS=@OLD_FOREIGN_KEY_CHECKS */;
/*!40014 SET UNIQUE_CHECKS=@OLD_UNIQUE_CHECKS */;
/*!40101 SET CHARACTER_SET_CLIENT=@OLD_CHARACTER_SET_CLIENT */;
/*!40101 SET CHARACTER_SET_RESULTS=@OLD_CHARACTER_SET_RESULTS */;
/*!40101 SET COLLATION_CONNECTION=@OLD_COLLATION_CONNECTION */;
/*!40111 SET SQL_NOTES=@OLD_SQL_NOTES */;

-- Dump completed on 2025-02-26  9:50:56
